{
  "w_4sig_1": 0.004975251702700426,
  "w_4sig_3": 0.0037321192168083034,
  "w_4sig_5": 0.00005219656223054251,
  "w_4sig_11": 0.05799904449428817,
  "w_peakC_11": 0.06194294884388238,
  "w_peakC_21": 0.2020678592498099,
  "w_peakC_31": 0.03664227696064607,
  "w_peakC_51": 0.0004020044639983402,
  "w_R3c_2k": 0.0676052215110358,
  "w_R3c_5k": 0.08764997742583165,
  "w_R3c_10k": 0.12741625915386628,
  "w_r4cker": 0.0012135098035921483
}
