{
  "w_4sig_1": 0.015247882913316024,
  "w_4sig_3": 0.009415537277131614,
  "w_4sig_5": 0.0069211596822952755,
  "w_4sig_11": 0.008392427128531414,
  "w_peakC_11": 0.03375152402580717,
  "w_peakC_21": 0.02833471821629168,
  "w_peakC_31": 0.0065411484773568096,
  "w_peakC_51": 0.0006228924578765703,
  "w_R3c_2k": 0.04511523888108678,
  "w_R3c_5k": 0.05024337251927628,
  "w_R3c_10k": 0.0349513206424108,
  "w_r4cker": 0.002497056229798787
}
